{
    "1": [
        "client1",
        "2023-07-17 17:59:23",
        "Title"
    ],
    "2": [
        "client1",
        "2023-07-17 18:21:30",
        "Title"
    ],
    "3": [
        "client1",
        "2023-07-17 18:23:15",
        "Hello"
    ],
    "4": [
        "client1",
        "2023-07-17 18:24:58",
        "short"
    ],
    "5": [
        "client1",
        "2023-07-17 18:49:16",
        "he"
    ],
    "6": [
        "client1",
        "2023-07-17 18:56:56",
        "2048"
    ]
}